Career,Required Skills,Interests,Favorite Subjects,Personality,Education,Roadmap
Software Developer,"Python, Java, C++, Data Structures, Algorithms, Git","Technology, Programming, Software","Computer Science, Mathematics","Logical, Problem-solving, Detail-oriented","B.Tech, BCA, B.Sc Computer Science",Programming → Data Structures & Algorithms → Git → Development → Projects → Internship/Job
Data Scientist,"Python, SQL, Statistics, Machine Learning, Data Visualization","Data, Research, Analytics, Technology","Mathematics, Statistics, Computer Science","Analytical, Curious, Research-oriented","B.Tech, B.Sc, MCA, M.Sc",Python → SQL → Statistics → Data Analysis → Machine Learning → Projects → Portfolio
AI/ML Engineer,"Python, Machine Learning, Deep Learning, TensorFlow, PyTorch, Statistics","Artificial Intelligence, Machine Learning, Technology, Research","Mathematics, Statistics, Computer Science","Analytical, Logical, Innovative, Problem-solving","B.Tech, BCA, MCA, M.Tech",Python → Mathematics → Machine Learning → Deep Learning → NLP/Computer Vision → Projects → Deployment
Cybersecurity Analyst,"Linux, Networking, Cybersecurity, SIEM, Threat Analysis","Cybersecurity, Security, Technology, Networking","Computer Science, Networking","Alert, Logical, Analytical, Detail-oriented","B.Tech, BCA, MCA, B.Sc",Linux → Networking → Security Fundamentals → SOC/SIEM → Security → Certifications → Projects
Cloud Engineer,"AWS, Azure, GCP, Linux, Networking, Docker","Cloud, Technology, DevOps, Infrastructure","Computer Science, Networking","Problem-solving, Logical, Organized, Analytical","B.Tech, BCA, MCA",Linux → Networking → Cloud Fundamentals → AWS/Azure/GCP → Docker → Kubernetes → Projects
UI/UX Designer,"Figma, UI Design, UX Research, HTML, CSS, Prototyping","Design, Creativity, Technology, User Experience","Art, Computer Science, Design","Creative, Detail-oriented, Empathetic, Visual","B.Des, BCA, B.Tech, BFA",Design Principles → Figma → UX Research → Wireframing → Prototyping → Portfolio → Internship
Business Analyst,"Excel, SQL, Communication, Requirements Analysis, Power BI","Business, Management, Analytics, Technology","Business Studies, Economics, Mathematics","Analytical, Leadership, Communication, Organized","BBA, B.Com, B.Tech, MBA",Excel → Business Analysis → SQL → Requirements → Power BI → Case Studies → Internship
Network Engineer,"Networking, Cisco, Linux, TCP/IP, Routing, Switching","Networking, Technology, Infrastructure","Computer Science, Networking","Logical, Alert, Problem-solving, Detail-oriented","B.Tech, BCA, B.Sc, MCA",Networking Basics → TCP/IP → Routing & Switching → Cisco → Linux → Projects → Certification
Database Administrator,"SQL, MySQL, PostgreSQL, Database Management, Backup, Security","Data, Databases, Technology","Computer Science, Mathematics, Statistics","Analytical, Detail-oriented, Organized, Logical","B.Tech, BCA, MCA, B.Sc",SQL → Database Concepts → MySQL/PostgreSQL → Backup & Recovery → Security → Performance → Projects
Digital Marketing Specialist,"SEO, Social Media, Content Writing, Google Analytics, Advertising, Communication","Marketing, Social Media, Creativity, Business","Business Studies, Economics, English","Creative, Communication, Social, Analytical","BBA, B.Com, BA, MBA",Marketing Fundamentals → SEO → Content → Social Media → Analytics → Advertising → Campaign Projects
